dils,age,executive
Zhu Ci'rao,Wang Wei,Liu Jincai
Wang Weiguang,Li Haiping,Shen Jun
Yuan chunqing,Wang Donghua,Cui Hairong
Sun Zhigang,Zhang Zuoha,Ma Qizhi
Tang Guozhong,Chen Mingming,Yu Linxiang
Du Deyin,Du Xia,Wu Hongbo
Guo Xiaohua,Cao Weixin,Ning Gaoning
Huang Yuejin,Wang Yongming,Liu Jianfeng
Chen Deming,Wang Zhaocheng,Yao Lin
Xie Zhenhua,Jiang Chengkang,Haj Iliyas Shen Xiaxi
Yang Yongmao,Zhai Huqu,Huang Xuanping
He Ronglin,Lu Yunliang,Yang Xueshan
Ye Xiaowen,Zhang Baoshun,Li Zaohang
Ma Xiaotian,Aman Haji,Ge Dongsheng
Cai Wu,Li Yulin,Huang Lixin
Zhong Yangsheng,Zhang Hongli,Yang Guoqing
Lin Shusen,Li Peiyuan,Xi Jinping
Chen Jinyu,Xie Xiaojun,Wang Peisheng
Shen Hongguang,Li Zhanshu,Yu Jiaqing
Cao Weixin,Yuan Guiren,Liu Tiejun
